#!/bin/sh

git filter-branch --env-filter '

n=$GIT_AUTHOR_NAME
m=$GIT_AUTHOR_EMAIL

case ${GIT_AUTHOR_NAME} in
        user1) n="User One" ; m="user1@example.com" ;;
                "User Two") n="User Two" ; m="user2@example.com" ;;
                esac
ajs        = Aaron Sherman <ajs@ajs.com>
ambs       = Alberto Manuel Brandao Simoes <ambs@cpan.org>
ajgough    = Alex Gough <alex@earth.li>
heimdall   = Alexandre Buisse <Nattfodd@gmail.com>
allison    = Allison Randal <allison@parrot.org>
amirkarger = Amir Karger <akarger@cgr.harvard.edu>
azuroth    = Amos Robinson <amos@coscom.net>
Whiteknight = Andrew Whitworth <wknight8111@gmail.com>
doughera   = Andy Dougherty <doughera@lafayette.edu>
petdance   = Andy Lester <andy@petdance.com>
ask        = Ask Bjørn Hansen <ask@develooper.com>
au         = Audrey Tang <audreyt@audreyt.org>
Austin     = Austin Hastings <austin_hastings@yahoo.com>
bernhard   = Bernhard Schmalhofer <Bernhard.Schmalhofer@gmx.de>
bubaflub   = Bob Kuo <bobjkuo@gmail.com>
rgrjr      = Bob Rogers <rogers-perl6@rgrjr.dyndns.org>
brentdax   = Brent Royal-Gordon <brent@brentdax.com>
bdwheele   = Brian Wheeler <bdwheele@indiana.edu>
brianwisti = Brian Wisti <brian.wisti@gmail.com>
util       = Bruce Gray <bruce.gray@acm.org>
masak      = Carl Masak <cmasak@gmail.com>
creiss     = Charles Reiss <creiss@cc.gatech.edu>
chip       = Chip Salzenberg <chip@pobox.com>
cdolan     = Chris Dolan <cdolan@cpan.org>
cotto      = Christoph Otto a.k.a. cotto <christoph@mksig.org>
chromatic  = chromatic <chromatic@wgz.org>
clintp     = Clinton A. Pierce <clintp@geeksalad.org>
colink     = Colin Kuskie <ckuskie@sterling.net>
cspencer   = Cory Spencer <cspencer@sprocket.org>
Ovid       = Curtis 'Ovid' Poe <ovid@cpan.org>
cgrawls    = Curtis Rawls <cgrawls@gmail.com>
cxreg      = Dave Olszewski <cxreg@pobox.com>
dmknopp    = Damian Miles Knopp <dmknopp@loyola.edu>
dan        = Dan Sugalski <dan@sidhe.org>
grunblatt  = Daniel Grunblatt <daniel@grunblatt.com.ar>
darbelo    = Daniel Arbelo Arrocha <arbelo@gmail.com>
dmlloyd    = David M. Lloyd <dmlloyd@tds.net>
theory     = David E. Wheeler <david@justatheory.com>
rafl       = Florian Ragwitz <rafl@debianforum.de>
fperrad    = François Perrad <francois.perrad@gadz.org>
japhb      = Geoff Broadwell (japhb) <geoff@broadwell.org>
GeJ        = Géraud Continsouzas <geraud@gcu.info>
gregor     = Gregor N. Purdy <gregor@focusresearch.com>
he         = Havard Eidnes <he@NetBSD.org>
jkeenan    = James E Keenan (Jim) (aka kid51) <jkeenan@cpan.org>
jhi        = Jarkko Hietaniemi <jhi@iki.fi>
jgoff      = Jeff Goff <jgoff@speakeasy.net>
jhorwitz   = Jeff Horwitz <jeff@smashing.org>
jrieks     = Jens Rieks <parrot@jensbeimsurfen.de>
jquelin    = Jerome Quelin <jquelin@cpan.org>
particle   = Jerry Gay a.k.a. particle <Jerry.Gay@gmail.com>
jrtayloriv = Jesse Taylor <jrtayloriv@gmail.com>
jesse      = Jesse Vincent <jesse@fsck.com>
jimmy      = Jimmy Zhuo <zhuomingliang@yahoo.com.cn>
ash_       = John Harrison <ash@greatethaninfinity.com >
dukeleto   = Jonathan "Duke" Leto <jonathan@leto.net>
duff       = Jonathan Scott Duff <duff@pobox.com>
jonathan   = Jonathan Worthington <jnthn@jnthn.net>
josh       = Josh Wilmes <josh-perl6@hitchhiker.org>
jhoblitt   = Joshua Hoblitt <jhoblitt@cpan.org>
jisom      = Joshua Isom <loneowl@ritalin.shout.net>
NotFound   = Julian Albo <julian.notfound@gmail.com>
boemmels   = Jürgen Bömmels <boemmels@web.de>
tewk       = Kevin Tew <tewk@tewk.com>
kj, kjs    = Klaas-Jan Stol <parrotcode@gmail.com>
larry      = Larry Wall <larry@wall.org>
leed       = Lee Duhem <lee.duhem@gmail.com>
acme       = Leon Brocard <acme@astray.com>
leo        = Leopold Toetsch <lt@toetsch.at>
luben      = Luben Karavelov <karavelov@spnet.net>
luqui      = Luke Palmer <luke@luqui.org>
LylePerl   = LylePerl
infinoid   = Mark Glines a.k.a. Infinoid <mark@glines.org>
mdiep      = Matt Diephouse <matt@diephouse.com>
mrjoltcola = Melvin Smith <melvin.smith@mindspring.com>
mikehh     = Michael H. Hind <mike.hind@gmail.com>
mikescott  = Michael Scott <michael_scott@mac.com>
mongo      = Mike Lambert <perl-dev@jall.org>
moritz     = Moritz A Lenz <moritz@faui2k3.org>
Chandon    = Nat Tuck <nat@ferrus.net>
nicholas   = Nicholas Clark <nick@ccl4.org>
nickg      = Nick Glencross <nick.glencross@gmail.com>
nwellnhof  = Nick Wellnhofer <wellnhofer@aevum.de>
smash      = Nuno 'smash' Carvalho <mestre.smash@gmail.com>
pmichaud   = Patrick R. Michaud <pmichaud@pobox.com>
Paul_the_Greek = Paul C. Anagnostopoulos <paul@windfall.com>
paultcochrane = Paul Cochrane <paultcochrane@gmail.com>
petergibbs = Peter Gibbs <peter@emkel.co.za>
plobsing   = Peter Lobsinger <plobsing@gmail.com>
pdcawley   = Piers Cawley <pdcawley@bofh.org.uk>
rurban     = Reini Urban <rurban@cpan.org>
finanalyst = Richard Hainsworth <richard@rusrating.ru>
robert     = Robert Spier <robert@perl.org>
eiffel     = Roger Browne <roger@eiffel.demon.co.uk>
rg         = Rolf Grossmann <rg@progtech.net>
rblasch    = Ron Blaschke <ron@rblasch.org>
rubys      = Sam Ruby <rubys@intertwingly.net>
samlh      = Samuel Harrington <samuel.harrington@mines.sdsmt.edu>
educated_foo = Sean O'Rourke <educated_foo@yahoo.com>
sartak     = Shawn M Moore <sartak@gmail.com>
simon      = Simon Cozens <simon@simon-cozens.org>
scog       = Simon Glover <scog@aip.de>
sorear     = Stefan O'Rear <stefanor@cox.net>
stephane   = Stéphane Peiry <stephane@modxml.org>
tene       = Stephen Weeks <tene@allalone.org>
sfink      = Steve Fink <steve@fink.com>
thgibbs    = Tanton Gibbs <thgibbs@deltafarms.com>
treed      = Ted Reed <ted.reed@gmail.com>
timbo      = Tim Bunce <Tim.Bunce@pobox.com>
tom        = Tom Hughes <tom@compton.nu>
tcurtis    = Tyler Curtis <tyler.l.curtis@gmail.com>
ujwalic    = Ujwal Reddy Malipeddi <ujwalic@gmail.com>
bacek      = Vasily Chekalkin <bacek@bacek.com>
vsoni      = Vishal Soni <vishalrsoni@gmail.com>
coke       = Will "Coke" Coleda <will@coleda.com>
cvsdummy   = cvsdummy <cvs@perl.org>
svn        = svn <svn@perl.org>
export GIT_AUTHOR_NAME="$n"
export GIT_AUTHOR_EMAIL="$m"
export GIT_COMMITTER_NAME="$n"
export GIT_COMMITTER_EMAIL="$m"
'
